postcode_id,postcode
1,10200
2,10300
3,10530
4,10500
5,10220
6,10240
7,10330
8,10100
9,10260
10,10510
11,10520
12,10120
13,10400
14,10600
15,10310
16,10170
17,10700
18,10150
19,10160
20,10140
21,10230
22,10800
23,10900
24,10250
25,10110
26,10210
27,10270
28,10280
29,10560
30,10550
31,10540
32,10130
33,10290
34,10570
35,11000
36,11130
37,11140
38,11110
39,11150
40,11120
41,12000
42,12120
43,12130
44,12110
45,12170
46,12140
47,12150
48,12160
49,13000
50,13130
51,18270
52,13260
53,13190
54,13290
55,13250
56,13160
57,13180
58,13170
59,13220
60,13120
61,13280
62,13140
63,13230
64,13110
65,13270
66,13210
67,13150
68,13240
69,14000
70,14140
71,14130
72,14120
73,14150
74,14110
75,14160
76,15000
77,15160
78,15210
79,15140
80,15220
81,18220
82,15120
83,15130
84,15230
85,15190
86,15150
87,15180
88,15110
89,15240
90,15250
91,15170
92,16000
93,16130
94,16150
95,16120
96,16160
97,16140
98,16110
99,17000
100,17110
101,17170
102,17120
103,17150
104,17140
105,17130
106,17160
107,18000
108,18110
109,18260
110,18140
111,18250
112,18230
113,18150
114,18170
115,18130
116,18210
117,18190
118,18120
119,18160
120,18180
121,30130
122,18240
123,20000
124,20130
125,20170
126,20220
127,20190
128,20150
129,20160
130,20140
131,20110
132,20230
133,20120
134,20180
135,20250
136,20270
137,20240
138,21000
139,21160
140,21100
141,21150
142,21130
143,21110
144,21190
145,22160
146,21170
147,21210
148,21120
149,21140
150,21180
151,22000
152,22110
153,22150
154,22120
155,22170
156,22140
157,22130
158,22190
159,22180
160,22210
161,23000
162,23110
163,23130
164,23150
165,23140
166,23120
167,23170
168,24000
169,24110
170,24150
171,24170
172,24130
173,24180
174,24140
175,24120
176,24160
177,24190
178,25000
179,25230
180,25110
181,25240
182,25220
183,25150
184,25130
185,25140
186,25190
187,26000
188,26130
189,26110
190,26120
191,27000
192,27260
193,27180
194,27210
195,27160
196,27120
197,27250
198,30000
199,30310
200,30280
201,30250
202,30330
203,30260
204,30350
205,30230
206,30190
207,30210
208,36220
209,30220
210,30160
211,30420
212,30290
213,30120
214,30180
215,30150
216,30110
217,30240
218,30270
219,30170
220,30380
221,30140
222,30340
223,30320
224,30410
225,30440
226,30360
227,30370
228,30430
229,31000
230,31190
231,31160
232,31110
233,31210
234,31170
235,31140
236,31180
237,31120
238,31130
239,31150
240,31220
241,31230
242,31240
243,31250
244,31260
245,32000
246,32190
247,32120
248,32180
249,32140
250,32210
251,32130
252,32160
253,32110
254,32150
255,32220
256,32170
257,32230
258,33000
259,33190
260,33130
261,33110
262,33140
263,33180
264,33170
265,33150
266,33160
267,33120
268,33220
269,33210
270,33250
271,33240
272,33270
273,33230
274,34000
275,34250
276,34220
277,34150
278,34320
279,34170
280,34160
281,34280
282,34260
283,34230
284,34130
285,34270
286,34140
287,34190
288,34310
289,34110
290,34330
291,34340
292,34360
293,34350
294,35000
295,35170
296,35140
297,35110
298,35180
299,35150
300,35130
301,35160
302,35120
303,36000
304,36240
305,36170
306,36140
307,36120
308,36210
309,36130
310,36160
311,36250
312,36230
313,36110
314,36190
315,36150
316,36180
317,36260
318,37000
319,37210
320,37110
321,37180
322,37290
323,37240
324,37120
325,38000
326,38180
327,38170
328,38150
329,38190
330,38220
331,38210
332,39000
333,39170
334,39350
335,39140
336,39180
337,39270
338,40000
339,40260
340,40270
341,40320
342,40210
343,40240
344,40130
345,40290
346,40220
347,40140
348,40310
349,40250
350,40170
351,40110
352,40340
353,40120
354,40330
355,40230
356,40190
357,40150
358,40160
359,40180
360,40280
361,40350
362,41000
363,41330
364,41250
365,41360
366,41220
367,41110
368,41370
369,41240
370,41130
371,41320
372,41310
373,41290
374,41230
375,41280
376,41190
377,41160
378,41210
379,41150
380,41260
381,41340
382,41380
383,42000
384,42100
385,42210
386,42110
387,42150
388,42120
389,42170
390,42160
391,42140
392,42130
393,42180
394,42230
395,42240
396,42220
397,42190
398,43000
399,43100
400,43110
401,43120
402,43130
403,43160
404,43230
405,44000
406,44190
407,44140
408,44150
409,44160
410,44130
411,44170
412,44110
413,44120
414,44180
415,44210
416,45000
417,45150
418,45190
419,45180
420,45170
421,45140
422,45110
423,45230
424,45210
425,45120
426,45130
427,45220
428,45240
429,45160
430,45250
431,45280
432,46000
433,46230
434,46130
435,46210
436,46110
437,46160
438,46120
439,46170
440,46140
441,46180
442,46190
443,46220
444,46150
445,46240
446,47000
447,47220
448,47230
449,47210
450,47180
451,47130
452,47160
453,47150
454,47270
455,47120
456,47250
457,47140
458,47170
459,47110
460,47240
461,47190
462,47260
463,47280
464,47290
465,48000
466,48160
467,48120
468,48140
469,48110
470,48170
471,48130
472,48150
473,48180
474,48190
475,49000
476,49130
477,49120
478,49140
479,49110
480,49150
481,49160
482,50200
483,50100
484,50300
485,50000
486,50160
487,50240
488,50270
489,50170
490,50220
491,50150
492,50330
493,50180
494,50250
495,50110
496,50320
497,50280
498,50190
499,50120
500,50130
501,50210
502,50290
503,50230
504,50340
505,50260
506,50310
507,50140
508,50350
509,50360
510,58130
511,51000
512,51150
513,51140
514,51170
515,51130
516,51110
517,51160
518,51120
519,51180
520,52000
521,52100
522,52220
523,52130
524,52210
525,52110
526,52120
527,52140
528,52160
529,52230
530,52180
531,52150
532,52170
533,52190
534,52240
535,53000
536,53170
537,53140
538,53150
539,53190
540,53110
541,53160
542,53180
543,53120
544,53220
545,53130
546,53210
547,53230
548,54000
549,54140
550,54150
551,54130
552,54110
553,54120
554,54160
555,54170
556,55000
557,55170
558,55190
559,55150
560,55120
561,55140
562,55110
563,55130
564,55160
565,55180
566,55210
567,55220
568,56000
569,56150
570,56110
571,56160
572,56120
573,56140
574,56130
575,57000
576,57100
577,57210
578,57140
579,57160
580,57230
581,57120
582,57250
583,57280
584,57190
585,57110
586,57270
587,57240
588,57150
589,57130
590,57220
591,57180
592,57170
593,57260
594,57290
595,57310
596,57340
597,58000
598,58140
599,58110
600,58120
601,58150
602,60000
603,60240
604,60170
605,60120
606,60250
607,60110
608,60180
609,60230
610,60140
611,60210
612,60260
613,60160
614,60220
615,60130
616,60150
617,60190
618,61000
619,61120
620,61150
621,61110
622,61170
623,61130
624,61140
625,61180
626,61160
627,62000
628,62160
629,62150
630,62180
631,62130
632,62140
633,62120
634,62110
635,62170
636,62190
637,62210
638,63000
639,63120
640,63130
641,63140
642,63150
643,63110
644,63160
645,63170
646,63180
647,64000
648,64220
649,64210
650,64140
651,64160
652,64170
653,64130
654,64190
655,64120
656,64110
657,64180
658,64230
659,64150
660,65000
661,65230
662,65120
663,65170
664,65140
665,65240
666,65110
667,65210
668,65150
669,65180
670,65160
671,65130
672,65220
673,65190
674,66000
675,66170
676,66180
677,66190
678,66110
679,66150
680,66120
681,66210
682,66130
683,66140
684,66220
685,66230
686,66160
687,67000
688,67250
689,67210
690,67150
691,67190
692,67110
693,67120
694,67130
695,67180
696,67170
697,67140
698,67220
699,67160
700,67230
701,67260
702,67240
703,67270
704,67280
705,70000
706,70150
707,70180
708,70130
709,70210
710,70110
711,70190
712,70160
713,70120
714,70140
715,70170
716,71000
717,71190
718,71150
719,71160
720,71220
721,71250
722,71120
723,71130
724,71110
725,71180
726,71240
727,71140
728,71170
729,71210
730,71260
731,72000
732,72230
733,72210
734,72120
735,72180
736,72150
737,72140
738,72170
739,72250
740,72110
741,72190
742,72130
743,72160
744,72220
745,72240
746,73000
747,73140
748,73180
749,73120
750,73150
751,73130
752,73190
753,73110
754,73210
755,73220
756,73160
757,73170
758,74000
759,74110
760,74130
761,74120
762,75000
763,75120
764,75110
765,76000
766,76100
767,76140
768,76160
769,76120
770,76130
771,76150
772,76110
773,76170
774,77000
775,77210
776,77150
777,77130
778,77140
779,77230
780,77190
781,77170
782,77120
783,77220
784,77110
785,77180
786,80000
787,80280
788,80330
789,80320
790,80230
791,80150
792,80250
793,80260
794,80270
795,80190
796,80180
797,80160
798,80110
799,80310
800,80220
801,80240
802,80140
803,80130
804,80350
805,80120
806,80340
807,80210
808,80170
809,80360
810,80290
811,81000
812,81140
813,81150
814,81120
815,81170
816,81110
817,81160
818,81190
819,81130
820,82000
821,82160
822,83000
823,82170
824,82130
825,82140
826,82110
827,82190
828,82150
829,82180
830,82120
831,82210
832,83130
833,83100
834,83120
835,83150
836,83110
837,84000
838,84100
839,84290
840,84160
841,84220
842,84340
843,84140
844,84310
845,84320
846,84330
847,84280
848,84360
849,84110
850,84170
851,84180
852,84230
853,84250
854,84150
855,84120
856,84270
857,84240
858,84260
859,84210
860,84190
861,84130
862,84350
863,84370
864,85000
865,85130
866,85120
867,85110
868,86000
869,86120
870,86190
871,86100
872,86140
873,86160
874,86230
875,86210
876,86110
877,86150
878,86170
879,86180
880,86130
881,86220
882,90000
883,90100
884,90190
885,90130
886,90160
887,90150
888,90260
889,90210
890,90140
891,90270
892,90180
893,90120
894,90170
895,90240
896,90320
897,90110
898,90250
899,90230
900,90310
901,90220
902,90280
903,90330
904,91000
905,91140
906,91160
907,91130
908,91150
909,91110
910,91120
911,92000
912,92170
913,92190
914,92110
915,92140
916,92120
917,92180
918,92150
919,92130
920,92210
921,92220
922,92160
923,93000
924,93180
925,93130
926,93160
927,93110
928,93150
929,93120
930,93190
931,93170
932,93140
933,93210
934,94000
935,94120
936,94180
937,94170
938,94130
939,94190
940,94140
941,94110
942,94220
943,94150
944,94160
945,94230
946,95000
947,95160
948,95110
949,95130
950,95150
951,95170
952,95120
953,95140
954,96000
955,96110
956,96170
957,96180
958,96130
959,96220
960,96150
961,96210
962,96160
963,96190
964,96120
965,96140
